Cars,Clothing,Country,Characters,Sports,Actors,Actress
Mercedes-Benz,Allen Solly,China,Ant man,wrestling,Aamir khan,Kareena kapoor
Aston Martin,Levis,India,black widow,cricket,ajay devgan,Sonakshi sinha
Audi,Provogue,United States,tony stark,tennis,salman khan,Katrina kaif
Bentley,Van Heusen,Indonesia,iron man,football,shahrukh khan,Alia bhatt
Benz,Park Avenue,Brazil,steve rogers,table tennis,hrithik roshan,Shradhhan kapoor
BMW,Mufti,Pakistan,hawkeye,badminton,ranveer singh,Jhanvi kapoor
Bugatti,Pepe Jeans,Nigeria,captain marvel,kho kho,govinda,Amrita rao
Cadillac,Wrangler,Bangladesh,spiderman,kabaddi,akshay kumar,Priyanka chopra
Chevrolet, Numero Uno,Russia,superman,hockey,anumpam kher,Daisy shah
Subaru,Monte Carlo,Japan,thor,squash,anil kapoor,Aditi rao
Mitsubishi,Peter England,Mexico,vision,swimming,tiger shroff,Zaira wasim
Corvette, Louis Philippe,Philippines,batman,weightlifting,jackie shroff,Kriti kharbanda
Nissan,Fabindia,Vietnam,joker,gymnastics,ranbir kapoor,Kriti sanon
Suzuki,Biba,Ethiopia,scarecrow,atheletics,kamal hassan,Vaani kapoor
Opel,Zodiac,Egypt,aquaman,baseball,amitabh bachhan,Lisa haydon
Peugeot,Raymond,Germany,wonderwoman,rugby,Sushant singh rajput,Yammi gautam
Toyota,Adidas,Iran,steppenwolf,volleyball,irrfan khan,Esha gupta
Porsche,Nike,Turkey,darksied,basketball,nawazuddin siddiqui,Huma Qureshi
Dodge,Prada,Thailand,ancient one,archery,rajkumar rao,Amy jackson
Renault,Armani,France,Doctor strange,kayak,sanjay dutt,Disha patani
Ferrari,Being Human,United Kingdom,black panther,cycling,saif ali khan,Urvashi rautela
Fiat,Tommy Hilfiger,Italy,scarlet witch,golf,farhan akhtar,Nargis fakhri
Ford,H&M,Burma,hulk,fencing,manoj bajpayee,Parineeti chopra
Honda,Lee,South Africa,catwoman,wushu,sunny deol,diana penty
Hummer,Gucci,South Korea,bane,polo,shahid kapoor,Bhumi pedenekar
Hyundai,Ralph lauren,Colombia,abomination hulk,shooting,abhishek bachhan,Sonam kapoor
Jaguar,Pepe Jeans,Spain,harley quinn,Rowing,John abraham,Tapsee pannu
Jeep,Wrangler,Ukraine,silver surfer,Chess,Ritesh deshmukh,Anushka sharma
KIA, Numero Uno,Tanzania,groot,Throwball,bobby deol,Radhika apte
McLaren,Monte Carlo,Kenya,nebula,skateboarding,Siddharth malhotra,Shruti haasan
Rolls-Royce,Peter England,Argentina,star lord,snowboarding,Varun dhawan,Aishwariya rai
Lamborghini, Louis Philippe,Algeria,thanos,surfing,Emraan hashmi,madhuri dixit
Saab,Fabindia,Poland,daredevil,boxing,Abhay deol,Shilpa shetty
Land Rover,Adidas,Sudan,wilson fisk,Ice hockey,Arjun rampal,Kangana ranaut
Lexus,Nike,Uganda,punisher,Decathlon,arshad warsi,Jacqueline fernandez
Vauxhall,Prada,Canada,Flash,handball,Ayushmann Khurana,Kalki kochlein
Skoda,Armani,Iraq,Captain cold,marathon,Vivek oberoi ,Preity zinta
Lotus,Being Human,Morocco,Grodd,skiing,Boman irani,Kajol
Volkswagen,Tommy Hilfiger,Peru,zoom,rafting,Manish paul,Vidya balan
Maserati,H&M,Uzbekistan,Martian manhunter,racing,paresh rawal,Sridevi
Volvo,Lee,Saudi Arabia,Green lantern,High jump,Prabhas,Deepika padukone
Mazda,Gucci,Malaysia,Cyborg,Javelin,Sharman joshi,Bipasha basu
